{
    "name": "root",
    "gauges": {
        "Gladiator.Policy.Entropy.mean": {
            "value": 2.111741542816162,
            "min": 2.111741542816162,
            "max": 2.111741542816162,
            "count": 1
        },
        "Gladiator.Policy.Entropy.sum": {
            "value": 4324.8466796875,
            "min": 4324.8466796875,
            "max": 4324.8466796875,
            "count": 1
        },
        "Gladiator.Step.mean": {
            "value": 896.0,
            "min": 896.0,
            "max": 896.0,
            "count": 1
        },
        "Gladiator.Step.sum": {
            "value": 896.0,
            "min": 896.0,
            "max": 896.0,
            "count": 1
        },
        "Gladiator.Policy.ExtrinsicValueEstimate.mean": {
            "value": -0.24264927208423615,
            "min": -0.24264927208423615,
            "max": -0.24264927208423615,
            "count": 1
        },
        "Gladiator.Policy.ExtrinsicValueEstimate.sum": {
            "value": -1.6985448598861694,
            "min": -1.6985448598861694,
            "max": -1.6985448598861694,
            "count": 1
        },
        "Gladiator.IsTraining.mean": {
            "value": 1.0,
            "min": 1.0,
            "max": 1.0,
            "count": 1
        },
        "Gladiator.IsTraining.sum": {
            "value": 1.0,
            "min": 1.0,
            "max": 1.0,
            "count": 1
        }
    },
    "metadata": {
        "timer_format_version": "0.1.0",
        "start_time_seconds": "1769610532",
        "python_version": "3.10.11 (tags/v3.10.11:7d4cc5a, Apr  5 2023, 00:38:17) [MSC v.1929 64 bit (AMD64)]",
        "command_line_arguments": "C:\\Users\\nnatt\\AppData\\Local\\Programs\\Python\\Python310\\lib\\site-packages\\mlagents\\trainers\\learn.py config\\GladiatorSelfPlay.yaml --run-id=GladiatorRun7 --force",
        "mlagents_version": "1.1.0",
        "mlagents_envs_version": "1.1.0",
        "communication_protocol_version": "1.5.0",
        "pytorch_version": "2.10.0+cpu",
        "numpy_version": "1.23.5",
        "end_time_seconds": "1769610626"
    },
    "total": 93.92321639999864,
    "count": 1,
    "self": 0.009456400002818555,
    "children": {
        "run_training.setup": {
            "total": 0.12553269999625627,
            "count": 1,
            "self": 0.12553269999625627
        },
        "TrainerController.start_learning": {
            "total": 93.78822729999956,
            "count": 1,
            "self": 0.036916700220899656,
            "children": {
                "TrainerController._reset_env": {
                    "total": 14.786804699993809,
                    "count": 1,
                    "self": 14.786804699993809
                },
                "TrainerController.advance": {
                    "total": 78.8862433997856,
                    "count": 1551,
                    "self": 0.030410899678827263,
                    "children": {
                        "env_step": {
                            "total": 78.66142320001381,
                            "count": 1551,
                            "self": 74.48199760001444,
                            "children": {
                                "SubprocessEnvManager._take_step": {
                                    "total": 4.156214399947203,
                                    "count": 1551,
                                    "self": 0.16839059998164885,
                                    "children": {
                                        "TorchPolicy.evaluate": {
                                            "total": 3.987823799965554,
                                            "count": 3102,
                                            "self": 3.987823799965554
                                        }
                                    }
                                },
                                "workers": {
                                    "total": 0.023211200052173808,
                                    "count": 1550,
                                    "self": 0.0,
                                    "children": {
                                        "worker_root": {
                                            "total": 17.158374799764715,
                                            "count": 1550,
                                            "is_parallel": true,
                                            "self": 8.789075600230717,
                                            "children": {
                                                "steps_from_proto": {
                                                    "total": 0.0010257999965688214,
                                                    "count": 2,
                                                    "is_parallel": true,
                                                    "self": 0.0006871999939903617,
                                                    "children": {
                                                        "_process_rank_one_or_two_observation": {
                                                            "total": 0.0003386000025784597,
                                                            "count": 4,
                                                            "is_parallel": true,
                                                            "self": 0.0003386000025784597
                                                        }
                                                    }
                                                },
                                                "UnityEnvironment.step": {
                                                    "total": 8.36827339953743,
                                                    "count": 1550,
                                                    "is_parallel": true,
                                                    "self": 0.1705062992114108,
                                                    "children": {
                                                        "UnityEnvironment._generate_step_input": {
                                                            "total": 0.1833165005518822,
                                                            "count": 1550,
                                                            "is_parallel": true,
                                                            "self": 0.1833165005518822
                                                        },
                                                        "communicator.exchange": {
                                                            "total": 7.349976299941773,
                                                            "count": 1550,
                                                            "is_parallel": true,
                                                            "self": 7.349976299941773
                                                        },
                                                        "steps_from_proto": {
                                                            "total": 0.6644742998323636,
                                                            "count": 3100,
                                                            "is_parallel": true,
                                                            "self": 0.4291669000231195,
                                                            "children": {
                                                                "_process_rank_one_or_two_observation": {
                                                                    "total": 0.2353073998092441,
                                                                    "count": 6200,
                                                                    "is_parallel": true,