{
    "name": "root",
    "gauges": {
        "Gladiator.Policy.Entropy.mean": {
            "value": 2.1114892959594727,
            "min": 2.1114892959594727,
            "max": 2.111804246902466,
            "count": 13
        },
        "Gladiator.Policy.Entropy.sum": {
            "value": 3986.491943359375,
            "min": 3986.491943359375,
            "max": 4498.056640625,
            "count": 13
        },
        "Gladiator.Step.mean": {
            "value": 12924.0,
            "min": 937.0,
            "max": 12924.0,
            "count": 13
        },
        "Gladiator.Step.sum": {
            "value": 12924.0,
            "min": 937.0,
            "max": 12924.0,
            "count": 13
        },
        "Gladiator.Policy.ExtrinsicValueEstimate.mean": {
            "value": 0.17972251772880554,
            "min": -0.022062085568904877,
            "max": 0.3544817566871643,
            "count": 13
        },
        "Gladiator.Policy.ExtrinsicValueEstimate.sum": {
            "value": 1.4377801418304443,
            "min": -0.176496684551239,
            "max": 2.8358540534973145,
            "count": 13
        },
        "Gladiator.Environment.EpisodeLength.mean": {
            "value": 599.0,
            "min": 599.0,
            "max": 1999.0,
            "count": 8
        },
        "Gladiator.Environment.EpisodeLength.sum": {
            "value": 1198.0,
            "min": 1198.0,
            "max": 3998.0,
            "count": 8
        },
        "Gladiator.Self-play.ELO.mean": {
            "value": 1198.256465582514,
            "min": 1198.256465582514,
            "max": 1199.5,
            "count": 3
        },
        "Gladiator.Self-play.ELO.sum": {
            "value": 2396.512931165028,
            "min": 1199.0014391117093,
            "max": 2396.512931165028,
            "count": 3
        },
        "Gladiator.Environment.CumulativeReward.mean": {
            "value": -2.34971521794796,
            "min": -3.382583864033222,
            "max": -0.08091119141317904,
            "count": 8
        },
        "Gladiator.Environment.CumulativeReward.sum": {
            "value": -2.34971521794796,
            "min": -3.382583864033222,
            "max": -0.08091119141317904,
            "count": 8
        },
        "Gladiator.Policy.ExtrinsicReward.mean": {
            "value": -2.34971521794796,
            "min": -3.382583864033222,
            "max": -0.08091119141317904,
            "count": 8
        },
        "Gladiator.Policy.ExtrinsicReward.sum": {
            "value": -2.34971521794796,
            "min": -3.382583864033222,
            "max": -0.08091119141317904,
            "count": 8
        },
        "Gladiator.IsTraining.mean": {
            "value": 1.0,
            "min": 1.0,
            "max": 1.0,
            "count": 13
        },
        "Gladiator.IsTraining.sum": {
            "value": 1.0,
            "min": 1.0,
            "max": 1.0,
            "count": 13
        },
        "Gladiator.Losses.PolicyLoss.mean": {
            "value": 0.020169007976073773,
            "min": 0.020169007976073773,
            "max": 0.020169007976073773,
            "count": 1
        },
        "Gladiator.Losses.PolicyLoss.sum": {
            "value": 0.020169007976073773,
            "min": 0.020169007976073773,
            "max": 0.020169007976073773,
            "count": 1
        },
        "Gladiator.Losses.ValueLoss.mean": {
            "value": 0.015875663080563148,
            "min": 0.015875663080563148,
            "max": 0.015875663080563148,
            "count": 1
        },
        "Gladiator.Losses.ValueLoss.sum": {
            "value": 0.015875663080563148,
            "min": 0.015875663080563148,
            "max": 0.015875663080563148,
            "count": 1
        },
        "Gladiator.Policy.LearningRate.mean": {
            "value": 0.0002993793002069,
            "min": 0.0002993793002069,
            "max": 0.0002993793002069,
            "count": 1
        },
        "Gladiator.Policy.LearningRate.sum": {
            "value": 0.0002993793002069,
            "min": 0.0002993793002069,
            "max": 0.0002993793002069,
            "count": 1
        },
        "Gladiator.Policy.Epsilon.mean": {
            "value": 0.1997931,
            "min": 0.1997931,
            "max": 0.1997931,
            "count": 1
        },
        "Gladiator.Policy.Epsilon.sum": {
            "value": 0.1997931,
            "min": 0.1997931,
            "max": 0.1997931,
            "count": 1
        },
        "Gladiator.Policy.Beta.mean": {
            "value": 0.0049896756900000006,
            "min": 0.0049896756900000006,
            "max": 0.0049896756900000006,
            "count": 1
        },
        "Gladiator.Policy.Beta.sum": {
            "value": 0.0049896756900000006,
            "min": 0.0049896756900000006,
            "max": 0.0049896756900000006,
            "count": 1
        }
    },
    "metadata": {
        "timer_format_version": "0.1.0",
        "start_time_seconds": "1769614162",
        "python_version": "3.10.11 (tags/v3.10.11:7d4cc5a, Apr  5 2023, 00:38:17) [MSC v.1929 64 bit (AMD64)]",
        "command_line_arguments": "C:\\Users\\nnatt\\AppData\\Local\\Programs\\Python\\Python310\\lib\\site-packages\\mlagents\\trainers\\learn.py config\\GladiatorSelfPlay.yaml --run-id=GladiatorRun8 --force",
        "mlagents_version": "1.1.0",
        "mlagents_envs_version": "1.1.0",
        "communication_protocol_version": "1.5.0",
        "pytorch_version": "2.10.0+cpu",
        "numpy_version": "1.23.5",
        "end_time_seconds": "1769614351"
    },
    "total": 189.43562089999614,
    "count": 1,
    "self": 0.005883699996047653,
    "children": {
        "run_training.setup": {
            "total": 0.12031600000045728,
            "count": 1,
            "self": 0.12031600000045728
        },
        "TrainerController.start_learning": {
            "total": 189.30942119999963,
            "count": 1,
            "self": 0.3203374989388976,
            "children": {
                "TrainerController._reset_env": {
                    "total": 16.49109719999251,
                    "count": 1,
                    "self": 16.49109719999251
                },
                "TrainerController.advance": {
                    "total": 172.41809330107935,
                    "count": 14017,
                    "self": 0.26721090025966987,
                    "children": {
                        "env_step": {
                            "total": 168.23882559982303,
                            "count": 14017,
                            "self": 132.7089160021569,
                            "children": {
                                "SubprocessEnvManager._take_step": {
                                    "total": 35.31386299863516,
                                    "count": 14017,
                                    "self": 1.4024017984629609,
                                    "children": {
                                        "TorchPolicy.evaluate": {
                                            "total": 33.9114612001722,
                                            "count": 28034,
                                            "self": 33.9114612001722
                                        }
                                    }
                                },
                                "workers": {
                                    "total": 0.21604659903096035,
                                    "count": 14016,
                                    "self": 0.0,
                                    "children": {
                                        "worker_root": {
                                            "total": 110.40280550064927,
                                            "count": 14016,
                                            "is_parallel": true,
                                            "self": 59.08061180108052,