{
    "name": "root",
    "gauges": {
        "Gladiator.Policy.Entropy.mean": {
            "value": 2.112081289291382,
            "min": 2.1120808124542236,
            "max": 2.11208176612854,
            "count": 8
        },
        "Gladiator.Policy.Entropy.sum": {
            "value": 4122.78271484375,
            "min": 3784.849609375,
            "max": 4608.5625,
            "count": 8
        },
        "Gladiator.Step.mean": {
            "value": 7989.0,
            "min": 896.0,
            "max": 7989.0,
            "count": 8
        },
        "Gladiator.Step.sum": {
            "value": 7989.0,
            "min": 896.0,
            "max": 7989.0,
            "count": 8
        },
        "Gladiator.Policy.ExtrinsicValueEstimate.mean": {
            "value": 0.37386083602905273,
            "min": 0.33408722281455994,
            "max": 0.4562792181968689,
            "count": 8
        },
        "Gladiator.Policy.ExtrinsicValueEstimate.sum": {
            "value": 2.990886688232422,
            "min": 2.4040822982788086,
            "max": 4.106513023376465,
            "count": 8
        },
        "Gladiator.IsTraining.mean": {
            "value": 1.0,
            "min": 1.0,
            "max": 1.0,
            "count": 8
        },
        "Gladiator.IsTraining.sum": {
            "value": 1.0,
            "min": 1.0,
            "max": 1.0,
            "count": 8
        },
        "Gladiator.Environment.EpisodeLength.mean": {
            "value": 1999.0,
            "min": 1240.3333333333333,
            "max": 1999.0,
            "count": 6
        },
        "Gladiator.Environment.EpisodeLength.sum": {
            "value": 1999.0,
            "min": 1260.0,
            "max": 3721.0,
            "count": 6
        },
        "Gladiator.Self-play.ELO.mean": {
            "value": 1198.5043131693246,
            "min": 1198.5043131693246,
            "max": 1199.5,
            "count": 3
        },
        "Gladiator.Self-play.ELO.sum": {
            "value": 1198.5043131693246,
            "min": 1198.5043131693246,
            "max": 1199.5,
            "count": 3
        },
        "Gladiator.Environment.CumulativeReward.mean": {
            "value": -2.179781775921583,
            "min": -2.359672697260976,
            "max": -0.6321269136387855,
            "count": 3
        },
        "Gladiator.Environment.CumulativeReward.sum": {
            "value": -2.179781775921583,
            "min": -2.359672697260976,
            "max": -1.264253827277571,
            "count": 3
        },
        "Gladiator.Policy.ExtrinsicReward.mean": {
            "value": -2.179781775921583,
            "min": -2.359672697260976,
            "max": -0.6321269136387855,
            "count": 3
        },
        "Gladiator.Policy.ExtrinsicReward.sum": {
            "value": -2.179781775921583,
            "min": -2.359672697260976,
            "max": -1.264253827277571,
            "count": 3
        }
    },
    "metadata": {
        "timer_format_version": "0.1.0",
        "start_time_seconds": "1769611547",
        "python_version": "3.10.11 (tags/v3.10.11:7d4cc5a, Apr  5 2023, 00:38:17) [MSC v.1929 64 bit (AMD64)]",
        "command_line_arguments": "C:\\Users\\nnatt\\AppData\\Local\\Programs\\Python\\Python310\\lib\\site-packages\\mlagents\\trainers\\learn.py config\\GladiatorSelfPlay.yaml --run-id=GladiatorRun9 --force",
        "mlagents_version": "1.1.0",
        "mlagents_envs_version": "1.1.0",
        "communication_protocol_version": "1.5.0",
        "pytorch_version": "2.10.0+cpu",
        "numpy_version": "1.23.5",
        "end_time_seconds": "1769611713"
    },
    "total": 166.4240928000072,
    "count": 1,
    "self": 0.007216600017272867,
    "children": {
        "run_training.setup": {
            "total": 0.13135359999432694,
            "count": 1,
            "self": 0.13135359999432694
        },
        "TrainerController.start_learning": {
            "total": 166.2855225999956,
            "count": 1,
            "self": 0.2068559995968826,
            "children": {
                "TrainerController._reset_env": {
                    "total": 14.153369899999234,
                    "count": 1,
                    "self": 14.153369899999234
                },
                "TrainerController.advance": {
                    "total": 151.86923990039213,
                    "count": 8801,
                    "self": 0.17253700144647155,
                    "children": {
                        "env_step": {
                            "total": 150.27784119872376,
                            "count": 8801,
                            "self": 127.1658163985121,
                            "children": {
                                "SubprocessEnvManager._take_step": {
                                    "total": 22.984974300314207,
                                    "count": 8802,
                                    "self": 0.9181901007686974,
                                    "children": {
                                        "TorchPolicy.evaluate": {
                                            "total": 22.06678419954551,
                                            "count": 17604,
                                            "self": 22.06678419954551
                                        }
                                    }
                                },
                                "workers": {
                                    "total": 0.1270504998974502,
                                    "count": 8800,
                                    "self": 0.0,
                                    "children": {
                                        "worker_root": {
                                            "total": 76.41693840036169,
                                            "count": 8800,
                                            "is_parallel": true,
                                            "self": 38.1115333999478,
                                            "children": {
                                                "steps_from_proto": {
                                                    "total": 0.0012441999861039221,
                                                    "count": 4,
                                                    "is_parallel": true,
                                                    "self": 0.0007550999580416828,
                                                    "children": {
                                                        "_process_rank_one_or_two_observation": {
                                                            "total": 0.0004891000280622393,
                                                            "count": 8,
                                                            "is_parallel": true,
                                                            "self": 0.0004891000280622393
                                                        }
                                                    }
                                                },
                                                "UnityEnvironment.step": {
                                                    "total": 38.30416080042778,
                                                    "count": 8800,
                                                    "is_parallel": true,
                                                    "self": 0.9463056015665643,
                                                    "children": {
                                                        "UnityEnvironment._generate_step_input": {
                                                            "total": 1.0065844997443492,
                                                            "count": 8800,
                                                            "is_parallel": true,